Player Name,1970,1971,1972,1973,1974,1975,1976,1977,1978,1979,1980,1981,1982,1983,1984,1985,1986,1987,1988,1989,1990,1991,1992,1993,1994,1995,1996,1997,1998,1999,2000,2001,2002,2003,2004,2005,2006,2007,2008,2009,2010,2011,2012,2013,2014,2015,2016,2017,2018,2019,
Zaheer Abbas ,0,0,0,0,88,224,247,257,348,496,633,862,1539,2033,2374,2572,0,0,0,0,0,0,0,0,0,0,0,0,0,0,0,0,0,0,0,0,0,0,0,0,0,0,0,0,0,0,0,0,0,0,
Syed Abid Ali ,0,0,0,0,23,93,0,0,0,0,0,0,0,0,0,0,0,0,0,0,0,0,0,0,0,0,0,0,0,0,0,0,0,0,0,0,0,0,0,0,0,0,0,0,0,0,0,0,0,0,
Jimmy Adams ,0,0,0,0,0,0,0,0,0,0,0,0,0,0,0,0,0,0,0,0,0,0,17,275,489,692,905,1038,0,638,990,1166,0,0,0,0,0,0,0,0,0,0,0,0,0,0,0,0,0,0,
Jonathan Agnew ,0,0,0,0,0,0,0,0,0,0,0,0,0,0,0,2,0,0,0,0,0,0,0,0,0,0,0,0,0,0,0,0,0,0,0,0,0,0,0,0,0,0,0,0,0,0,0,0,0,0,
Ijaz Ahmed ,0,0,0,0,0,0,0,0,0,0,0,0,0,0,0,0,67,389,837,1146,1594,1677,1750,0,476,641,1922,3026,3825,4412,4814,0,0,0,0,0,0,0,0,0,0,0,0,0,0,0,0,0,0,0,
Mushtaq Ahmed ,0,0,0,0,0,0,0,0,0,0,0,0,0,0,0,0,0,0,0,12,82,98,180,200,203,263,300,332,343,0,56,0,0,0,0,0,0,0,0,0,0,0,0,0,0,0,0,0,0,0,
Shafiq Ahmed ,0,0,0,0,0,0,0,38,41,0,0,0,0,0,0,0,0,0,0,0,0,0,0,0,0,0,0,0,0,0,0,0,0,0,0,0,0,0,0,0,0,0,0,0,0,0,0,0,0,0,
Shakeel Ahmed ,0,0,0,0,0,0,0,0,0,0,0,0,0,0,0,0,0,0,0,0,0,0,0,0,0,61,0,0,0,0,0,0,0,0,0,0,0,0,0,0,0,0,0,0,0,0,0,0,0,0,
Tausif Ahmed ,0,0,0,0,0,0,0,0,0,0,0,0,0,0,42,45,51,55,65,104,116,0,0,0,0,0,0,0,0,0,0,0,0,0,0,0,0,0,0,0,0,0,0,0,0,0,0,0,0,0,
Younis Ahmed ,0,0,0,0,0,0,0,0,0,0,0,0,0,0,0,0,0,84,0,0,0,0,0,0,0,0,0,0,0,0,0,0,0,0,0,0,0,0,0,0,0,0,0,0,0,0,0,0,0,0,
Mansoor Akhtar ,0,0,0,0,0,0,0,0,0,0,24,38,208,217,398,0,0,132,0,31,63,0,0,0,0,0,0,0,0,0,0,0,0,0,0,0,0,0,0,0,0,0,0,0,0,0,0,0,0,0,
Wasim Akram ,0,0,0,0,0,0,0,0,0,0,0,0,0,0,0,11,79,279,349,494,776,842,1116,1403,1553,1746,2084,2230,2508,2868,3256,3359,3646,3717,0,0,0,0,0,0,0,0,0,0,0,0,0,0,0,0,
Intikhab Alam ,0,0,0,10,0,0,7,0,0,0,0,0,0,0,0,0,0,0,0,0,0,0,0,0,0,0,0,0,0,0,0,0,0,0,0,0,0,0,0,0,0,0,0,0,0,0,0,0,0,0,
Terry Alderman ,0,0,0,0,0,0,0,0,0,0,0,10,12,0,7,15,0,0,0,0,5,0,0,0,0,0,0,0,0,0,0,0,0,0,0,0,0,0,0,0,0,0,0,0,0,0,0,0,0,0,
Ashraf Ali ,0,0,0,0,0,0,0,0,0,0,0,30,33,0,17,36,0,0,0,0,0,0,0,0,0,0,0,0,0,0,0,0,0,0,0,0,0,0,0,0,0,0,0,0,0,0,0,0,0,0,
Basit Ali ,0,0,0,0,0,0,0,0,0,0,0,0,0,0,0,0,0,0,0,0,0,0,0,471,1051,1225,1265,0,0,0,0,0,0,0,0,0,0,0,0,0,0,0,0,0,0,0,0,0,0,0,
Liaqat Ali ,0,0,0,0,0,0,0,0,7,0,0,0,0,0,0,0,0,0,0,0,0,0,0,0,0,0,0,0,0,0,0,0,0,0,0,0,0,0,0,0,0,0,0,0,0,0,0,0,0,0,
Paul Allott ,0,0,0,0,0,0,0,0,0,0,0,0,5,13,0,2,0,0,0,0,0,0,0,0,0,0,0,0,0,0,0,0,0,0,0,0,0,0,0,0,0,0,0,0,0,0,0,0,0,0,
Saleem Altaf ,0,0,0,21,0,0,0,4,0,0,0,0,0,0,0,0,0,0,0,0,0,0,0,0,0,0,0,0,0,0,0,0,0,0,0,0,0,0,0,0,0,0,0,0,0,0,0,0,0,0,
Kaushik Amalean ,0,0,0,0,0,0,0,0,0,0,0,0,0,0,0,0,9,0,6,0,0,0,0,0,0,0,0,0,0,0,0,0,0,0,0,0,0,0,0,0,0,0,0,0,0,0,0,0,0,0,
Mohinder Amarnath ,0,0,0,0,0,1,30,0,85,101,0,0,71,539,545,609,918,951,1535,1793,0,0,0,0,0,0,0,0,0,0,0,0,0,0,0,0,0,0,0,0,0,0,0,0,0,0,0,0,0,0,
Surinder Amarnath ,0,0,0,0,0,0,0,0,100,0,0,0,0,0,0,0,0,0,0,0,0,0,0,0,0,0,0,0,0,0,0,0,0,0,0,0,0,0,0,0,0,0,0,0,0,0,0,0,0,0,
Curtly Ambrose ,0,0,0,0,0,0,0,0,0,0,0,0,0,0,0,0,0,0,42,124,125,228,322,361,371,392,456,523,540,624,639,0,0,0,0,0,0,0,0,0,0,0,0,0,0,0,0,0,0,0,
Dennis Amiss ,0,0,168,302,322,615,708,859,0,0,0,0,0,0,0,0,0,0,0,0,0,0,0,0,0,0,0,0,0,0,0,0,0,0,0,0,0,0,0,0,0,0,0,0,0,0,0,0,0,0,
Praveen Amre ,0,0,0,0,0,0,0,0,0,0,0,0,0,0,0,0,0,0,0,0,0,130,374,494,513,0,0,0,0,0,0,0,0,0,0,0,0,0,0,0,0,0,0,0,0,0,0,0,0,0,
Robert Anderson ,0,0,0,0,0,0,4,0,12,0,0,0,0,0,0,0,0,0,0,0,0,0,0,0,0,0,0,0,0,0,0,0,0,0,0,0,0,0,0,0,0,0,0,0,0,0,0,0,0,0,
Jo Angel ,0,0,0,0,0,0,0,0,0,0,0,0,0,0,0,0,0,0,0,0,0,0,0,0,0,0,0,0,0,0,0,0,0,0,0,0,0,0,0,0,0,0,0,0,0,0,0,0,0,0,
Naved Anjum ,0,0,0,0,0,0,0,0,0,0,0,0,0,0,61,0,0,0,27,0,0,0,25,0,0,0,0,0,0,0,0,0,0,0,0,0,0,0,0,0,0,0,0,0,0,0,0,0,0,0,
Salil Ankola ,0,0,0,0,0,0,0,0,0,0,0,0,0,0,0,0,0,0,0,7,0,0,0,7,7,0,0,20,0,0,0,0,0,0,0,0,0,0,0,0,0,0,0,0,0,0,0,0,0,0,
Sangarange Anurasiri ,0,0,0,0,0,0,0,0,0,0,0,0,0,0,0,0,11,11,22,27,41,0,21,0,0,0,0,0,0,0,0,0,0,0,0,0,0,0,0,0,0,0,0,0,0,0,0,0,0,0,
Saeed Anwar ,0,0,0,0,0,0,0,0,0,0,0,0,0,0,0,0,0,0,0,100,773,774,780,1504,2350,2540,4135,5021,5852,6764,7638,8349,8606,8824,0,0,0,0,0,0,0,0,0,0,0,0,0,0,0,0,
Taslim Arif ,0,0,0,0,0,0,0,0,0,0,28,0,0,0,0,0,0,0,0,0,0,0,0,0,0,0,0,0,0,0,0,0,0,0,0,0,0,0,0,0,0,0,0,0,0,0,0,0,0,0,
Geoffrey Arnold ,0,0,11,28,30,48,0,0,0,0,0,0,0,0,0,0,0,0,0,0,0,0,0,0,0,0,0,0,0,0,0,0,0,0,0,0,0,0,0,0,0,0,0,0,0,0,0,0,0,0,
Kevin Arnott ,0,0,0,0,0,0,0,0,0,0,0,0,0,0,0,0,0,112,0,0,0,0,94,126,0,0,0,0,0,0,0,0,0,0,0,0,0,0,0,0,0,0,0,0,0,0,0,0,0,0,
Keith Arthurton ,0,0,0,0,0,0,0,0,0,0,0,0,0,0,0,0,0,0,27,230,230,400,697,1158,1476,1650,1652,0,119,252,0,0,0,0,0,0,0,0,0,0,0,0,0,0,0,0,0,0,0,0,
Bharathi Arun ,0,0,0,0,0,0,0,0,0,0,0,0,0,0,0,0,8,21,0,0,0,0,0,0,0,0,0,0,0,0,0,0,0,0,0,0,0,0,0,0,0,0,0,0,0,0,0,0,0,0,
Marvan Atapattu ,0,0,0,0,0,0,0,0,0,0,0,0,0,0,0,0,0,0,0,0,8,0,35,0,0,0,84,963,1707,2494,3436,4520,5712,6524,7253,7751,8343,8486,0,0,0,0,0,0,0,0,0,0,0,0,
Michael Atherton ,0,0,0,0,0,0,0,0,0,0,0,0,0,0,0,0,0,0,0,0,99,335,0,0,466,733,1137,1392,1456,0,0,0,0,0,0,0,0,0,0,0,0,0,0,0,0,0,0,0,0,0,
Charles Athey ,0,0,0,0,0,0,0,0,0,0,83,0,0,0,0,0,142,761,765,0,0,0,0,0,0,0,0,0,0,0,0,0,0,0,0,0,0,0,0,0,0,0,0,0,0,0,0,0,0,0,
Richard Austin ,0,0,0,0,0,0,0,0,8,0,0,0,0,0,0,0,0,0,0,0,0,0,0,0,0,0,0,0,0,0,0,0,0,0,0,0,0,0,0,0,0,0,0,0,0,0,0,0,0,0,
Arshad Ayub ,0,0,0,0,0,0,0,0,0,0,0,0,0,0,0,0,0,10,76,110,116,0,0,0,0,0,0,0,0,0,0,0,0,0,0,0,0,0,0,0,0,0,0,0,0,0,0,0,0,0,
Kirtivardhan Azad ,0,0,0,0,0,0,0,0,0,0,34,126,0,56,112,0,31,0,0,0,0,0,0,0,0,0,0,0,0,0,0,0,0,0,0,0,0,0,0,0,0,0,0,0,0,0,0,0,0,0,
Mohammad Azharuddin ,0,0,0,0,0,0,0,0,0,0,0,0,0,0,0,444,972,1489,1970,2252,2774,3003,3655,4424,5113,5399,6330,7434,8702,9110,9378,0,0,0,0,0,0,0,0,0,0,0,0,0,0,0,0,0,0,0,
Sheik Bacchus ,0,0,0,0,0,0,0,0,0,0,157,232,377,612,0,0,0,0,0,0,0,0,0,0,0,0,0,0,0,0,0,0,0,0,0,0,0,0,0,0,0,0,0,0,0,0,0,0,0,0,
Robert Bailey ,0,0,0,0,0,0,0,0,0,0,0,0,0,0,0,41,0,11,54,0,42,0,0,0,0,0,0,0,0,0,0,0,0,0,0,0,0,0,0,0,0,0,0,0,0,0,0,0,0,0,
David Bairstow ,0,0,0,0,0,0,0,0,0,56,155,176,0,0,30,0,0,0,0,0,0,0,0,0,0,0,0,0,0,0,0,0,0,0,0,0,0,0,0,0,0,0,0,0,0,0,0,0,0,0,
Sikander Bakht ,0,0,0,0,0,0,0,0,16,19,0,3,6,0,0,0,0,0,0,6,0,0,0,0,0,0,0,0,0,0,0,0,0,0,0,0,0,0,0,0,0,0,0,0,0,0,0,0,0,0,
Subroto Banerjee ,0,0,0,0,0,0,0,0,0,0,0,0,0,0,0,0,0,0,0,0,0,13,49,0,0,0,0,0,0,0,0,0,0,0,0,0,0,0,0,0,0,0,0,0,0,0,0,0,0,0,
Eldine Baptiste ,0,0,0,0,0,0,0,0,0,0,0,0,0,5,111,119,0,14,65,0,0,0,0,0,0,0,0,0,0,0,0,0,0,0,0,0,0,0,0,0,0,0,0,0,0,0,0,0,0,0,
Wasim Bari ,0,0,0,21,0,3,5,7,38,64,0,4,22,103,136,0,0,0,0,0,0,0,0,0,0,0,0,0,0,0,0,0,0,0,0,0,0,0,0,0,0,0,0,0,0,0,0,0,0,0,
Graham Barlow ,0,0,0,0,0,0,80,149,0,0,0,0,0,0,0,0,0,0,0,0,0,0,0,0,0,0,0,0,0,0,0,0,0,0,0,0,0,0,0,0,0,0,0,0,0,0,0,0,0,0,
Kim Barnett ,0,0,0,0,0,0,0,0,0,0,0,0,0,0,0,0,0,0,84,0,0,0,0,0,0,0,0,0,0,0,0,0,0,0,0,0,0,0,0,0,0,0,0,0,0,0,0,0,0,0,
Bishen Bedi ,0,0,0,0,0,6,10,0,2,21,0,0,0,0,0,0,0,0,0,0,0,0,0,0,0,0,0,0,0,0,0,0,0,0,0,0,0,0,0,0,0,0,0,0,0,0,0,0,0,0,
Kenneth Benjamin ,0,0,0,0,0,0,0,0,0,0,0,0,0,0,0,0,0,0,0,0,0,0,22,51,54,0,11,0,0,0,0,0,0,0,0,0,0,0,0,0,0,0,0,0,0,0,0,0,0,0,
Winston Benjamin ,0,0,0,0,0,0,0,0,0,0,0,0,0,0,0,0,10,73,85,118,0,10,72,110,127,180,0,0,0,0,0,0,0,0,0,0,0,0,0,0,0,0,0,0,0,0,0,0,0,0,
Murray Bennett ,0,0,0,0,0,0,0,0,0,0,0,0,0,0,0,9,0,0,0,0,0,0,0,0,0,0,0,0,0,0,0,0,0,0,0,0,0,0,0,0,0,0,0,0,0,0,0,0,0,0,
Mark Benson ,0,0,0,0,0,0,0,0,0,0,0,0,0,0,0,0,24,0,0,0,0,0,0,0,0,0,0,0,0,0,0,0,0,0,0,0,0,0,0,0,0,0,0,0,0,0,0,0,0,0,
Carlisle Best ,0,0,0,0,0,0,0,0,0,0,0,0,0,0,0,0,10,33,82,203,400,405,473,0,0,0,0,0,0,0,0,0,0,0,0,0,0,0,0,0,0,0,0,0,0,0,0,0,0,0,
Martin Bicknell ,0,0,0,0,0,0,0,0,0,0,0,0,0,0,0,0,0,0,0,0,64,96,0,0,0,0,0,0,0,0,0,0,0,0,0,0,0,0,0,0,0,0,0,0,0,0,0,0,0,0,
Roger Binny ,0,0,0,0,0,0,0,0,0,0,49,192,233,406,521,552,629,629,0,0,0,0,0,0,0,0,0,0,0,0,0,0,0,0,0,0,0,0,0,0,0,0,0,0,0,0,0,0,0,0,
Ian Bishop ,0,0,0,0,0,0,0,0,0,0,0,0,0,0,0,0,0,0,2,49,73,148,182,223,0,35,116,182,0,0,0,0,0,0,0,0,0,0,0,0,0,0,0,0,0,0,0,0,0,0,
Tony Blain ,0,0,0,0,0,0,0,0,0,0,0,0,0,0,0,0,68,0,178,0,0,0,0,114,196,0,0,0,0,0,0,0,0,0,0,0,0,0,0,0,0,0,0,0,0,0,0,0,0,0,
Richard Blakey ,0,0,0,0,0,0,0,0,0,0,0,0,0,0,0,0,0,0,0,0,0,0,25,25,0,0,0,0,0,0,0,0,0,0,0,0,0,0,0,0,0,0,0,0,0,0,0,0,0,0,
Stephen Boock ,0,0,0,0,0,0,0,0,0,0,2,0,0,0,8,0,0,20,0,0,0,0,0,0,0,0,0,0,0,0,0,0,0,0,0,0,0,0,0,0,0,0,0,0,0,0,0,0,0,0,
David Boon ,0,0,0,0,0,0,0,0,0,0,0,0,0,0,39,303,1071,1727,2309,2636,3053,3379,4177,4594,5667,5964,0,0,0,0,0,0,0,0,0,0,0,0,0,0,0,0,0,0,0,0,0,0,0,0,
Allan Border ,0,0,0,0,0,0,0,0,0,200,419,873,1219,1647,2085,2915,3510,4152,4364,4897,5437,5766,5978,6199,6524,0,0,0,0,0,0,0,0,0,0,0,0,0,0,0,0,0,0,0,0,0,0,0,0,0,
Sir Ian Botham ,0,0,0,0,0,0,21,53,133,278,434,593,781,1056,1147,1248,1299,1693,0,37,0,8,383,0,0,0,0,0,0,0,0,0,0,0,0,0,0,0,0,0,0,0,0,0,0,0,0,0,0,0,
Keith Boyce ,0,0,0,7,0,50,0,0,0,0,0,0,0,0,0,0,0,0,0,0,0,0,0,0,0,0,0,0,0,0,0,0,0,0,0,0,0,0,0,0,0,0,0,0,0,0,0,0,0,0,
Geoff Boycott ,0,8,82,117,0,0,0,0,9,502,852,965,0,0,0,0,0,0,0,0,0,0,0,0,0,0,0,0,0,0,0,0,0,0,0,0,0,0,0,0,0,0,0,0,0,0,0,0,0,0,
Brendon Bracewell ,0,0,0,0,0,0,0,0,0,0,0,0,0,0,0,0,0,0,0,0,0,0,0,0,0,0,0,0,0,0,0,0,0,0,0,0,0,0,0,0,0,0,0,0,0,0,0,0,0,0,
John Bracewell ,0,0,0,0,0,0,0,0,0,0,0,0,0,41,73,120,246,308,469,0,43,0,0,0,0,0,0,0,0,0,0,0,0,0,0,0,0,0,0,0,0,0,0,0,0,0,0,0,0,0,
Grant Bradburn ,0,0,0,0,0,0,0,0,0,0,0,0,0,0,0,0,0,0,0,0,38,0,19,0,0,0,0,0,0,0,0,3,0,0,0,0,0,0,0,0,0,0,0,0,0,0,0,0,0,0,
David Brain ,0,0,0,0,0,0,0,0,0,0,0,0,0,0,0,0,0,0,0,0,0,0,24,85,103,117,0,0,0,0,0,0,0,0,0,0,0,0,0,0,0,0,0,0,0,0,0,0,0,0,
Eddo Brandes ,0,0,0,0,0,0,0,0,0,0,0,0,0,0,0,0,0,21,0,0,0,0,73,156,161,166,199,229,309,383,0,0,0,0,0,0,0,0,0,0,0,0,0,0,0,0,0,0,0,0,
Mike Brearley ,0,0,0,0,0,0,0,147,206,476,510,0,0,0,0,0,0,0,0,0,0,0,0,0,0,0,0,0,0,0,0,0,0,0,0,0,0,0,0,0,0,0,0,0,0,0,0,0,0,0,
Gavin Briant ,0,0,0,0,0,0,0,0,0,0,0,0,0,0,0,0,0,0,0,0,0,0,0,39,0,0,0,0,0,0,0,0,0,0,0,0,0,0,0,0,0,0,0,0,0,0,0,0,0,0,
Raymond Bright ,0,0,0,0,0,0,0,17,0,20,25,43,0,0,0,0,6,0,0,0,0,0,0,0,0,0,0,0,0,0,0,0,0,0,0,0,0,0,0,0,0,0,0,0,0,0,0,0,0,0,
Chris Broad ,0,0,0,0,0,0,0,0,0,0,0,0,0,0,0,0,0,1047,1361,0,0,0,0,0,0,0,0,0,0,0,0,0,0,0,0,0,0,0,0,0,0,0,0,0,0,0,0,0,0,0,
Vaughan Brown ,0,0,0,0,0,0,0,0,0,0,0,0,0,0,0,0,0,0,44,0,0,0,0,0,0,0,0,0,0,0,0,0,0,0,0,0,0,0,0,0,0,0,0,0,0,0,0,0,0,0,
Mark Burgess ,0,0,0,48,54,0,38,0,1,46,154,244,0,0,0,0,0,0,0,0,0,0,0,0,0,0,0,0,0,0,0,0,0,0,0,0,0,0,0,0,0,0,0,0,0,0,0,0,0,0,
Mark Burmester ,0,0,0,0,0,0,0,0,0,0,0,0,0,0,0,0,0,0,0,0,0,0,28,0,0,81,0,0,0,0,0,0,0,0,0,0,0,0,0,0,0,0,0,0,0,0,0,0,0,0,
Alan Butcher ,0,0,0,0,0,0,0,0,0,0,14,0,0,0,0,0,0,0,0,0,0,0,0,0,0,0,0,0,0,0,0,0,0,0,0,0,0,0,0,0,0,0,0,0,0,0,0,0,0,0,
Roland Butcher ,0,0,0,0,0,0,0,0,0,0,52,58,0,0,0,0,0,0,0,0,0,0,0,0,0,0,0,0,0,0,0,0,0,0,0,0,0,0,0,0,0,0,0,0,0,0,0,0,0,0,
Andy Caddick ,0,0,0,0,0,0,0,0,0,0,0,0,0,0,0,0,0,0,0,0,0,0,0,3,23,0,0,12,0,0,42,110,150,214,0,0,0,0,0,0,0,0,0,0,0,0,0,0,0,0,
Lance Cairns ,0,0,0,0,30,40,95,0,83,100,213,283,318,653,745,892,0,0,0,0,0,0,0,0,0,0,0,0,0,0,0,0,0,0,0,0,0,0,0,0,0,0,0,0,0,0,0,0,0,0,
Chris Cairns ,0,0,0,0,0,0,0,0,0,0,0,0,0,0,0,0,0,0,0,0,0,11,83,149,360,797,1304,1718,2109,2688,3211,3216,3614,4199,4628,4910,4950,0,0,0,0,0,0,0,0,0,0,0,0,0,
Ian Callen ,0,0,0,0,0,0,0,0,6,0,0,0,0,0,0,0,0,0,0,0,0,0,0,0,0,0,0,0,0,0,0,0,0,0,0,0,0,0,0,0,0,0,0,0,0,0,0,0,0,0,
Alistair Campbell ,0,0,0,0,0,0,0,0,0,0,0,0,0,0,0,0,0,0,0,0,0,0,13,236,420,562,840,1489,2294,2997,3957,4794,5178,5185,0,0,0,0,0,0,0,0,0,0,0,0,0,0,0,0,
Gegory Campbell ,0,0,0,0,0,0,0,0,0,0,0,0,0,0,0,0,0,0,0,0,6,0,0,0,0,0,0,0,0,0,0,0,0,0,0,0,0,0,0,0,0,0,0,0,0,0,0,0,0,0,
David Capel ,0,0,0,0,0,0,0,0,0,0,0,0,0,0,0,0,0,110,221,291,327,0,0,0,0,0,0,0,0,0,0,0,0,0,0,0,0,0,0,0,0,0,0,0,0,0,0,0,0,0,
Philip Carlson ,0,0,0,0,0,0,0,0,0,11,0,0,0,0,0,0,0,0,0,0,0,0,0,0,0,0,0,0,0,0,0,0,0,0,0,0,0,0,0,0,0,0,0,0,0,0,0,0,0,0,
Bhagwat Chandrasekhar ,0,0,0,0,0,0,11,0,0,0,0,0,0,0,0,0,0,0,0,0,0,0,0,0,0,0,0,0,0,0,0,0,0,0,0,0,0,0,0,0,0,0,0,0,0,0,0,0,0,0,
Greg Chappell ,0,22,123,0,117,349,0,174,0,273,619,1073,1411,1685,0,0,0,0,0,0,0,0,0,0,0,0,0,0,0,0,0,0,0,0,0,0,0,0,0,0,0,0,0,0,0,0,0,0,0,0,
Ian Chappell ,0,60,147,0,169,395,0,0,0,123,131,0,0,0,0,0,0,0,0,0,0,0,0,0,0,0,0,0,0,0,0,0,0,0,0,0,0,0,0,0,0,0,0,0,0,0,0,0,0,0,
Trevor Chappell ,0,0,0,0,0,0,0,0,0,0,32,90,0,139,0,0,0,0,0,0,0,0,0,0,0,0,0,0,0,0,0,0,0,0,0,0,0,0,0,0,0,0,0,0,0,0,0,0,0,0,
Ewen Chatfield ,0,0,0,0,0,0,0,0,0,3,13,15,17,66,72,83,101,112,118,0,0,0,0,0,0,0,0,0,0,0,0,0,0,0,0,0,0,0,0,0,0,0,0,0,0,0,0,0,0,0,
Chetandra Chauhan ,0,0,0,0,0,0,0,0,25,0,89,128,0,0,0,0,0,0,0,0,0,0,0,0,0,0,0,0,0,0,0,0,0,0,0,0,0,0,0,0,0,0,0,0,0,0,0,0,0,0,
Rajesh Chauhan ,0,0,0,0,0,0,0,0,0,0,0,0,0,0,0,0,0,0,0,0,0,0,0,7,73,0,0,59,0,0,0,0,0,0,0,0,0,0,0,0,0,0,0,0,0,0,0,0,0,0,
Sylvester Clarke ,0,0,0,0,0,0,0,0,0,0,20,0,40,0,0,0,0,0,0,0,0,0,0,0,0,0,0,0,0,0,0,0,0,0,0,0,0,0,0,0,0,0,0,0,0,0,0,0,0,0,
Brian Close ,0,0,49,0,0,0,0,0,0,0,0,0,0,0,0,0,0,0,0,0,0,0,0,0,0,0,0,0,0,0,0,0,0,0,0,0,0,0,0,0,0,0,0,0,0,0,0,0,0,0,
Richard Collinge ,0,0,0,13,0,8,13,0,8,0,0,0,0,0,0,0,0,0,0,0,0,0,0,0,0,0,0,0,0,0,0,0,0,0,0,0,0,0,0,0,0,0,0,0,0,0,0,0,0,0,
Jeremy Coney ,0,0,0,0,0,0,0,0,0,47,220,339,441,950,1142,1384,1794,1874,0,0,0,0,0,0,0,0,0,0,0,0,0,0,0,0,0,0,0,0,0,0,0,0,0,0,0,0,0,0,0,0,
Bevan Congdon ,0,0,0,5,136,237,284,0,54,0,0,0,0,0,0,0,0,0,0,0,0,0,0,0,0,0,0,0,0,0,0,0,0,0,0,0,0,0,0,0,0,0,0,0,0,0,0,0,0,0,
Geoffrey Cook ,0,0,0,0,0,0,0,0,0,0,0,14,104,106,0,0,0,0,0,0,0,0,0,0,0,0,0,0,0,0,0,0,0,0,0,0,0,0,0,0,0,0,0,0,0,0,0,0,0,0,
Stephen Cook ,0,0,0,0,0,0,0,0,0,0,0,0,0,0,0,0,0,0,0,0,0,52,0,15,0,0,0,0,0,0,0,0,0,0,0,0,0,0,0,0,0,0,0,0,0,0,0,0,0,0,
Geoffrey Cope ,0,0,0,0,0,0,0,0,1,0,0,0,0,0,0,0,0,0,0,0,0,0,0,0,0,0,0,0,0,0,0,0,0,0,0,0,0,0,0,0,0,0,0,0,0,0,0,0,0,0,
Garry Cosier ,0,0,0,0,0,25,0,3,87,129,0,0,0,0,0,0,0,0,0,0,0,0,0,0,0,0,0,0,0,0,0,0,0,0,0,0,0,0,0,0,0,0,0,0,0,0,0,0,0,0,
Norman Cowans ,0,0,0,0,0,0,0,0,0,0,0,0,0,5,9,13,0,0,0,0,0,0,0,0,0,0,0,0,0,0,0,0,0,0,0,0,0,0,0,0,0,0,0,0,0,0,0,0,0,0,
Christopher Cowdrey ,0,0,0,0,0,0,0,0,0,0,0,0,0,0,0,51,0,0,0,0,0,0,0,0,0,0,0,0,0,0,0,0,0,0,0,0,0,0,0,0,0,0,0,0,0,0,0,0,0,0,
Sir Colin Cowdrey ,0,1,0,0,0,0,0,0,0,0,0,0,0,0,0,0,0,0,0,0,0,0,0,0,0,0,0,0,0,0,0,0,0,0,0,0,0,0,0,0,0,0,0,0,0,0,0,0,0,0,
Gary Crocker ,0,0,0,0,0,0,0,0,0,0,0,0,0,0,0,0,0,0,0,0,0,0,59,98,0,0,0,0,0,0,0,0,0,0,0,0,0,0,0,0,0,0,0,0,0,0,0,0,0,0,
Colin Croft ,0,0,0,0,0,0,0,0,5,8,16,18,0,0,0,0,0,0,0,0,0,0,0,0,0,0,0,0,0,0,0,0,0,0,0,0,0,0,0,0,0,0,0,0,0,0,0,0,0,0,
Hansie Cronje ,0,0,0,0,0,0,0,0,0,0,0,0,0,0,0,0,0,0,0,0,0,0,330,725,1858,2015,2948,3719,4410,4997,5565,0,0,0,0,0,0,0,0,0,0,0,0,0,0,0,0,0,0,0,
Jeffrey Crowe ,0,0,0,0,0,0,0,0,0,0,0,0,0,345,506,685,1072,1261,1398,1464,1518,0,0,0,0,0,0,0,0,0,0,0,0,0,0,0,0,0,0,0,0,0,0,0,0,0,0,0,0,0,
Martin Crowe ,0,0,0,0,0,0,0,0,0,0,0,0,10,328,744,982,1604,1928,2259,2455,3265,3428,4217,4412,4510,4704,0,0,0,0,0,0,0,0,0,0,0,0,0,0,0,0,0,0,0,0,0,0,0,0,
Daryll Cullinan ,0,0,0,0,0,0,0,0,0,0,0,0,0,0,0,0,0,0,0,0,0,0,0,238,713,860,1894,2704,3112,3629,3860,0,0,0,0,0,0,0,0,0,0,0,0,0,0,0,0,0,0,0,
Anderson Cummins ,0,0,0,0,0,0,0,0,0,0,0,0,0,0,0,0,0,0,0,0,0,38,70,185,385,459,0,0,0,0,0,0,0,0,0,0,0,27,0,0,0,0,0,0,0,0,0,0,0,0,
Basil D'Oliveira ,0,17,30,0,0,0,0,0,0,0,0,0,0,0,0,0,0,0,0,0,0,0,0,0,0,0,0,0,0,0,0,0,0,0,0,0,0,0,0,0,0,0,0,0,0,0,0,0,0,0,
Anil Dalpat ,0,0,0,0,0,0,0,0,0,0,0,0,0,0,6,84,87,0,0,0,0,0,0,0,0,0,0,0,0,0,0,0,0,0,0,0,0,0,0,0,0,0,0,0,0,0,0,0,0,0,
Wayne Daniel ,0,0,0,0,0,0,0,0,14,0,0,0,0,16,35,0,0,0,0,0,0,0,0,0,0,0,0,0,0,0,0,0,0,0,0,0,0,0,0,0,0,0,0,0,0,0,0,0,0,0,
Rick Darling ,0,0,0,0,0,0,0,0,29,128,0,162,235,0,0,0,0,0,0,0,0,0,0,0,0,0,0,0,0,0,0,0,0,0,0,0,0,0,0,0,0,0,0,0,0,0,0,0,0,0,
Ian Davis ,0,0,0,0,11,0,0,1,0,0,0,0,0,0,0,0,0,0,0,0,0,0,0,0,0,0,0,0,0,0,0,0,0,0,0,0,0,0,0,0,0,0,0,0,0,0,0,0,0,0,
Simon Davis ,0,0,0,0,0,0,0,0,0,0,0,0,0,0,0,0,8,20,0,0,0,0,0,0,0,0,0,0,0,0,0,0,0,0,0,0,0,0,0,0,0,0,0,0,0,0,0,0,0,0,
Winston Davis ,0,0,0,0,0,0,0,0,0,0,0,0,0,7,0,11,0,0,10,0,0,0,0,0,0,0,0,0,0,0,0,0,0,0,0,0,0,0,0,0,0,0,0,0,0,0,0,0,0,0,
Guy De Alwis ,0,0,0,0,0,0,0,0,0,0,0,0,0,198,216,0,51,67,185,0,0,0,0,0,0,0,0,0,0,0,0,0,0,0,0,0,0,0,0,0,0,0,0,0,0,0,0,0,0,0,
Phillip De Freitas ,0,0,0,0,0,0,0,0,0,0,0,0,0,0,0,0,0,224,289,328,431,473,494,519,537,566,690,0,0,0,0,0,0,0,0,0,0,0,0,0,0,0,0,0,0,0,0,0,0,0,
Richard De Groen ,0,0,0,0,0,0,0,0,0,0,0,0,0,0,0,0,0,0,0,0,0,0,0,2,12,0,0,0,0,0,0,0,0,0,0,0,0,0,0,0,0,0,0,0,0,0,0,0,0,0,
Ashantha De Mel ,0,0,0,0,0,0,0,0,0,0,0,0,86,216,248,348,447,466,0,0,0,0,0,0,0,0,0,0,0,0,0,0,0,0,0,0,0,0,0,0,0,0,0,0,0,0,0,0,0,0,
Ashley de Silva ,0,0,0,0,0,0,0,0,0,0,0,0,0,0,0,0,8,0,0,0,0,0,0,4,0,0,0,0,0,0,0,0,0,0,0,0,0,0,0,0,0,0,0,0,0,0,0,0,0,0,
Somachandra De Silva ,0,0,0,0,0,47,0,0,0,7,0,0,31,203,264,317,0,0,0,0,0,0,0,0,0,0,0,0,0,0,0,0,0,0,0,0,0,0,0,0,0,0,0,0,0,0,0,0,0,0,
Asoka De Silva ,0,0,0,0,0,0,0,0,0,0,0,0,0,0,0,0,0,0,38,80,101,138,0,0,0,0,0,0,0,0,0,0,0,0,0,0,0,0,0,0,0,0,0,0,0,0,0,0,0,0,
Ajit de Silva ,0,0,0,0,0,0,0,0,0,2,0,0,7,0,0,0,0,0,0,0,0,0,0,0,0,0,0,0,0,0,0,0,0,0,0,0,0,0,0,0,0,0,0,0,0,0,0,0,0,0,
Aravinda de Silva ,0,0,0,0,0,0,0,0,0,0,0,0,0,0,105,489,636,791,1311,1752,2222,2275,2813,3512,4224,4705,5893,7105,7799,8193,8334,8430,8894,9284,0,0,0,0,0,0,0,0,0,0,0,0,0,0,0,0,
Fanie De Villiers ,0,0,0,0,0,0,0,0,0,0,0,0,0,0,0,0,0,0,0,0,0,0,0,20,88,108,163,170,0,0,0,0,0,0,0,0,0,0,0,0,0,0,0,0,0,0,0,0,0,0,
Michael Denness ,0,0,0,66,139,264,0,0,0,0,0,0,0,0,0,0,0,0,0,0,0,0,0,0,0,0,0,0,0,0,0,0,0,0,0,0,0,0,0,0,0,0,0,0,0,0,0,0,0,0,
Kapil Dev ,0,0,0,0,0,0,0,0,18,71,183,285,515,1042,1143,1406,1923,2371,2702,2940,3132,3267,3585,3726,3783,0,0,0,0,0,0,0,0,0,0,0,0,0,0,0,0,0,0,0,0,0,0,0,0,0,
Roy Dias ,0,0,0,0,0,0,0,0,0,75,0,0,479,636,751,1338,1371,1498,0,0,0,0,0,0,0,0,0,0,0,0,0,0,0,0,0,0,0,0,0,0,0,0,0,0,0,0,0,0,0,0,
Graham Dilley ,0,0,0,0,0,0,0,0,0,1,1,4,5,95,96,0,8,18,0,0,0,0,0,0,0,0,0,0,0,0,0,0,0,0,0,0,0,0,0,0,0,0,0,0,0,0,0,0,0,0,
Anthony Dodemaide ,0,0,0,0,0,0,0,0,0,0,0,0,0,0,0,0,0,0,84,0,0,0,0,40,0,0,0,0,0,0,0,0,0,0,0,0,0,0,0,0,0,0,0,0,0,0,0,0,0,0,
Allan Donald ,0,0,0,0,0,0,0,0,0,0,0,0,0,0,0,0,0,0,0,0,0,0,8,20,29,34,34,55,74,84,85,89,95,95,0,0,0,0,0,0,0,0,0,0,0,0,0,0,0,0,
Dilip Doshi ,0,0,0,0,0,0,0,0,0,0,2,9,0,0,0,0,0,0,0,0,0,0,0,0,0,0,0,0,0,0,0,0,0,0,0,0,0,0,0,0,0,0,0,0,0,0,0,0,0,0,
Simon Doull ,0,0,0,0,0,0,0,0,0,0,0,0,0,0,0,0,0,0,0,0,0,0,2,0,44,61,80,134,164,170,170,0,0,0,0,0,0,0,0,0,0,0,0,0,0,0,0,0,0,0,
Paul Downton ,0,0,0,0,0,0,0,0,0,0,0,0,0,0,71,165,193,212,242,0,0,0,0,0,0,0,0,0,0,0,0,0,0,0,0,0,0,0,0,0,0,0,0,0,0,0,0,0,0,0,
Jeff Dujon ,0,0,0,0,0,0,0,0,0,0,0,0,134,324,586,785,949,1183,1437,1732,1802,1945,0,0,0,0,0,0,0,0,0,0,0,0,0,0,0,0,0,0,0,0,0,0,0,0,0,0,0,0,
Gregory Dyer ,0,0,0,0,0,0,0,0,0,0,0,0,0,0,0,0,51,101,174,0,0,0,0,0,0,0,0,0,0,0,0,0,0,0,0,0,0,0,0,0,0,0,0,0,0,0,0,0,0,0,
Geoffrey Dymock ,0,0,0,0,0,0,0,2,0,15,33,0,0,0,0,0,0,0,0,0,0,0,0,0,0,0,0,0,0,0,0,0,0,0,0,0,0,0,0,0,0,0,0,0,0,0,0,0,0,0,
John Dyson ,0,0,0,0,0,0,0,0,0,0,218,255,438,755,0,0,0,0,0,0,0,0,0,0,0,0,0,0,0,0,0,0,0,0,0,0,0,0,0,0,0,0,0,0,0,0,0,0,0,0,
Bruce Edgar ,0,0,0,0,0,0,0,0,31,144,298,688,781,1333,1397,0,417,0,0,0,0,0,0,0,0,0,0,0,0,0,0,0,0,0,0,0,0,0,0,0,0,0,0,0,0,0,0,0,0,0,
Phillippe Edmonds ,0,0,0,0,0,0,0,5,9,31,0,0,0,0,0,69,69,85,0,0,0,0,0,0,0,0,0,0,0,0,0,0,0,0,0,0,0,0,0,0,0,0,0,0,0,0,0,0,0,0,
John Edrich ,0,82,0,0,133,141,0,0,0,0,0,0,0,0,0,0,0,0,0,0,0,0,0,0,0,0,0,0,0,0,0,0,0,0,0,0,0,0,0,0,0,0,0,0,0,0,0,0,0,0,
Graham Edwards ,0,0,0,0,0,0,73,0,12,0,0,53,0,0,0,0,0,0,0,0,0,0,0,0,0,0,0,0,0,0,0,0,0,0,0,0,0,0,0,0,0,0,0,0,0,0,0,0,0,0,
Ross Edwards ,0,0,69,0,0,186,0,0,0,0,0,0,0,0,0,0,0,0,0,0,0,0,0,0,0,0,0,0,0,0,0,0,0,0,0,0,0,0,0,0,0,0,0,0,0,0,0,0,0,0,
Walter Edwards ,0,0,0,0,0,2,0,0,0,0,0,0,0,0,0,0,0,0,0,0,0,0,0,0,0,0,0,0,0,0,0,0,0,0,0,0,0,0,0,0,0,0,0,0,0,0,0,0,0,0,
Manzoor Elahi ,0,0,0,0,0,0,0,0,0,0,0,0,0,0,114,123,333,596,682,0,17,0,0,0,8,42,0,0,0,0,0,0,0,0,0,0,0,0,0,0,0,0,0,0,0,0,0,0,0,0,
Richard Ellison ,0,0,0,0,0,0,0,0,0,0,0,0,0,0,18,59,86,0,0,0,0,0,0,0,0,0,0,0,0,0,0,0,0,0,0,0,0,0,0,0,0,0,0,0,0,0,0,0,0,0,
John Emburey ,0,0,0,0,0,0,0,0,0,0,26,31,31,0,0,0,42,368,430,440,0,0,0,30,0,0,0,0,0,0,0,0,0,0,0,0,0,0,0,0,0,0,0,0,0,0,0,0,0,0,
Farokh Engineer ,0,0,0,0,36,114,0,0,0,0,0,0,0,0,0,0,0,0,0,0,0,0,0,0,0,0,0,0,0,0,0,0,0,0,0,0,0,0,0,0,0,0,0,0,0,0,0,0,0,0,
Neil Fairbrother ,0,0,0,0,0,0,0,0,0,0,0,0,0,0,0,0,0,80,232,0,0,122,628,972,994,1109,1307,0,56,553,0,0,0,0,0,0,0,0,0,0,0,0,0,0,0,0,0,0,0,0,
Ijaz Faqih ,0,0,0,0,0,0,0,0,0,0,0,57,63,124,191,0,0,0,6,0,0,0,0,0,0,0,0,0,0,0,0,0,0,0,0,0,0,0,0,0,0,0,0,0,0,0,0,0,0,0,
Zahid Fazal ,0,0,0,0,0,0,0,0,0,0,0,0,0,0,0,0,0,0,0,0,44,251,273,333,348,0,0,0,0,0,0,0,0,0,0,0,0,0,0,0,0,0,0,0,0,0,0,0,0,0,
Ellukutige Fernando ,0,0,0,0,0,0,0,0,0,0,0,0,0,101,0,0,0,0,0,0,0,0,0,0,0,0,0,0,0,0,0,0,0,0,0,0,0,0,0,0,0,0,0,0,0,0,0,0,0,0,
Keith Fletcher ,0,24,138,244,340,607,0,0,0,0,0,31,150,0,0,0,0,0,0,0,0,0,0,0,0,0,0,0,0,0,0,0,0,0,0,0,0,0,0,0,0,0,0,0,0,0,0,0,0,0,
Andrew Flower ,0,0,0,0,0,0,0,0,0,0,0,0,0,0,0,0,0,0,0,0,0,0,374,644,869,1032,1404,2170,2942,3794,4737,5797,6454,6786,0,0,0,0,0,0,0,0,0,0,0,0,0,0,0,0,
Grant Flower ,0,0,0,0,0,0,0,0,0,0,0,0,0,0,0,0,0,0,0,0,0,0,97,353,486,624,1096,1939,2867,3651,4299,5415,5809,6277,6536,0,0,0,0,0,35,0,0,0,0,0,0,0,0,0,
Maurice Foster ,0,0,0,25,0,0,0,0,0,0,0,0,0,0,0,0,0,0,0,0,0,0,0,0,0,0,0,0,0,0,0,0,0,0,0,0,0,0,0,0,0,0,0,0,0,0,0,0,0,0,
Neil Foster ,0,0,0,0,0,0,0,0,0,0,0,0,0,0,35,42,61,145,0,5,0,0,0,0,0,0,0,0,0,0,0,0,0,0,0,0,0,0,0,0,0,0,0,0,0,0,0,0,0,0,
Graeme Fowler ,0,0,0,0,0,0,0,0,0,0,0,0,0,360,508,714,744,0,0,0,0,0,0,0,0,0,0,0,0,0,0,0,0,0,0,0,0,0,0,0,0,0,0,0,0,0,0,0,0,0,
Trevor Franklin ,0,0,0,0,0,0,0,0,0,0,0,0,0,0,6,0,0,0,21,0,0,0,0,0,0,0,0,0,0,0,0,0,0,0,0,0,0,0,0,0,0,0,0,0,0,0,0,0,0,0,
Angus Fraser ,0,0,0,0,0,0,0,0,0,0,0,0,0,0,0,0,0,0,0,0,16,69,0,0,7,11,0,0,42,61,0,0,0,0,0,0,0,0,0,0,0,0,0,0,0,0,0,0,0,0,
Roy Fredericks ,0,0,0,109,0,137,158,202,0,0,0,0,0,0,0,0,0,0,0,0,0,0,0,0,0,0,0,0,0,0,0,0,0,0,0,0,0,0,0,0,0,0,0,0,0,0,0,0,0,0,
Bruce French ,0,0,0,0,0,0,0,0,0,0,0,0,0,0,0,11,0,21,23,0,0,0,0,0,0,0,0,0,0,0,0,0,0,0,0,0,0,0,0,0,0,0,0,0,0,0,0,0,0,0,
Anshuman Gaekwad ,0,0,0,0,0,59,75,0,94,148,0,0,0,22,34,0,0,12,0,0,0,0,0,0,0,0,0,0,0,0,0,0,0,0,0,0,0,0,0,0,0,0,0,0,0,0,0,0,0,0,
Joel Garner ,0,0,0,0,0,0,0,0,13,37,69,75,81,123,153,195,198,238,0,0,0,0,0,0,0,0,0,0,0,0,0,0,0,0,0,0,0,0,0,0,0,0,0,0,0,0,0,0,0,0,
Mike Gatting ,0,0,0,0,0,0,0,22,25,0,19,297,439,522,753,877,979,1660,1966,2024,0,0,0,46,0,0,0,0,0,0,0,0,0,0,0,0,0,0,0,0,0,0,0,0,0,0,0,0,0,0,
Sunil Gavaskar ,0,0,0,0,48,161,0,0,4,93,137,250,444,827,977,1391,2196,2931,0,0,0,0,0,0,0,0,0,0,0,0,0,0,0,0,0,0,0,0,0,0,0,0,0,0,0,0,0,0,0,0,
Nadeem Ghauri ,0,0,0,0,0,0,0,0,0,0,0,0,0,0,0,0,0,0,0,0,14,0,0,0,0,0,0,0,0,0,0,0,0,0,0,0,0,0,0,0,0,0,0,0,0,0,0,0,0,0,
Karsan Ghavri ,0,0,0,0,0,0,0,0,6,41,85,114,0,0,0,0,0,0,0,0,0,0,0,0,0,0,0,0,0,0,0,0,0,0,0,0,0,0,0,0,0,0,0,0,0,0,0,0,0,0,
Lance Gibbs ,0,0,0,0,0,0,0,0,0,0,0,0,0,0,0,0,0,0,0,0,0,0,0,0,0,0,0,0,0,0,0,0,0,0,0,0,0,0,0,0,0,0,0,0,0,0,0,0,0,0,
Norman Gifford ,0,0,0,0,0,0,0,0,0,0,0,0,0,0,0,0,0,0,0,0,0,0,0,0,0,0,0,0,0,0,0,0,0,0,0,0,0,0,0,0,0,0,0,0,0,0,0,0,0,0,
David Gilbert ,0,0,0,0,0,0,0,0,0,0,0,0,0,0,0,0,39,0,0,0,0,0,0,0,0,0,0,0,0,0,0,0,0,0,0,0,0,0,0,0,0,0,0,0,0,0,0,0,0,0,
Stuart Gillespie ,0,0,0,0,0,0,0,0,0,0,0,0,0,0,0,0,45,0,25,0,0,0,0,0,0,0,0,0,0,0,0,0,0,0,0,0,0,0,0,0,0,0,0,0,0,0,0,0,0,0,
Gary Gilmour ,0,0,0,0,0,42,0,0,0,0,0,0,0,0,0,0,0,0,0,0,0,0,0,0,0,0,0,0,0,0,0,0,0,0,0,0,0,0,0,0,0,0,0,0,0,0,0,0,0,0,
Larry Gomes ,0,0,0,0,0,0,0,0,7,0,36,92,192,535,740,1170,1253,1408,0,0,0,0,0,0,0,0,0,0,0,0,0,0,0,0,0,0,0,0,0,0,0,0,0,0,0,0,0,0,0,0,
Graham Gooch ,0,0,0,0,0,0,40,0,94,410,707,865,1006,0,0,289,619,1459,1569,1950,2351,2595,3025,3160,3242,3244,0,0,0,0,0,0,0,0,0,0,0,0,0,0,0,0,0,0,0,0,0,0,0,0,
Yohan Goonasekera ,0,0,0,0,0,0,0,0,0,0,0,0,0,69,0,0,0,0,0,0,0,0,0,0,0,0,0,0,0,0,0,0,0,0,0,0,0,0,0,0,0,0,0,0,0,0,0,0,0,0,
Hettiarachige Goonatillake ,0,0,0,0,0,0,0,0,0,0,0,0,31,0,0,0,0,0,0,0,0,0,0,0,0,0,0,0,0,0,0,0,0,0,0,0,0,0,0,0,0,0,0,0,0,0,0,0,0,0,
David Gower ,0,0,0,0,0,0,0,0,201,503,579,720,909,1995,2196,2427,2564,2905,0,125,211,265,0,0,0,0,0,0,0,0,0,0,0,0,0,0,0,0,0,0,0,0,0,0,0,0,0,0,0,0,
Anthony Gray ,0,0,0,0,0,0,0,0,0,0,0,0,0,0,0,7,20,43,0,0,0,8,0,0,0,0,0,0,0,0,0,0,0,0,0,0,0,0,0,0,0,0,0,0,0,0,0,0,0,0,
Evan Gray ,0,0,0,0,0,0,0,0,0,0,0,0,0,0,0,0,57,0,41,0,0,0,0,0,0,0,0,0,0,0,0,0,0,0,0,0,0,0,0,0,0,0,0,0,0,0,0,0,0,0,
Mark Greatbatch ,0,0,0,0,0,0,0,0,0,0,0,0,0,0,0,0,0,0,380,431,884,965,1404,1602,1748,2086,2206,0,0,0,0,0,0,0,0,0,0,0,0,0,0,0,0,0,0,0,0,0,0,0,
Alvin Greenidge ,0,0,0,0,0,0,0,0,23,0,0,0,0,0,0,0,0,0,0,0,0,0,0,0,0,0,0,0,0,0,0,0,0,0,0,0,0,0,0,0,0,0,0,0,0,0,0,0,0,0,
Gordon Greenidge ,0,0,0,0,0,129,227,235,0,429,898,1046,1338,2087,2310,2677,3007,3453,4235,4634,4790,4899,0,0,0,0,0,0,0,0,0,0,0,0,0,0,0,0,0,0,0,0,0,0,0,0,0,0,0,0,
Tony Greig ,0,0,55,134,206,238,243,269,0,0,0,0,0,0,0,0,0,0,0,0,0,0,0,0,0,0,0,0,0,0,0,0,0,0,0,0,0,0,0,0,0,0,0,0,0,0,0,0,0,0,
Asanka Gurusinha ,0,0,0,0,0,0,0,0,0,0,0,0,0,0,0,0,252,498,707,955,1351,1514,1961,2254,2627,3156,3902,0,0,0,0,0,0,0,0,0,0,0,0,0,0,0,0,0,0,0,0,0,0,0,
Dayle Hadlee ,0,0,0,0,12,40,0,0,0,0,0,0,0,0,0,0,0,0,0,0,0,0,0,0,0,0,0,0,0,0,0,0,0,0,0,0,0,0,0,0,0,0,0,0,0,0,0,0,0,0,
Sir Richard Hadlee ,0,0,0,49,52,79,79,0,2,59,174,318,354,647,719,873,1180,1233,1524,0,148,0,0,0,0,0,0,0,0,0,0,0,0,0,0,0,0,0,0,0,0,0,0,0,0,0,0,0,0,0,
Azeem Hafeez ,0,0,0,0,0,0,0,0,0,0,0,0,0,12,22,45,0,0,0,0,0,0,0,0,0,0,0,0,0,0,0,0,0,0,0,0,0,0,0,0,0,0,0,0,0,0,0,0,0,0,
Jeffrey Hammond ,0,0,15,0,0,0,0,0,0,0,0,0,0,0,0,0,0,0,0,0,0,0,0,0,0,0,0,0,0,0,0,0,0,0,0,0,0,0,0,0,0,0,0,0,0,0,0,0,0,0,
John Hampshire ,0,10,48,0,0,0,0,0,0,0,0,0,0,0,0,0,0,0,0,0,0,0,0,0,0,0,0,0,0,0,0,0,0,0,0,0,0,0,0,0,0,0,0,0,0,0,0,0,0,0,
Roger Harper ,0,0,0,0,0,0,0,0,0,0,0,0,0,0,0,86,217,348,394,416,0,0,3,53,139,289,439,0,0,0,0,0,0,0,0,0,0,0,0,0,0,0,0,0,0,0,0,0,0,0,
Chris Harris ,0,0,0,0,0,0,0,0,0,0,0,0,0,0,0,0,0,0,0,0,51,189,479,501,822,0,387,864,1287,1697,2088,2527,3133,3428,3557,0,0,0,0,0,0,0,0,0,0,0,0,0,0,0,
Blair Hartland ,0,0,0,0,0,0,0,0,0,0,0,0,0,0,0,0,0,0,0,0,0,0,73,0,238,0,0,0,0,0,0,0,0,0,0,0,0,0,0,0,0,0,0,0,0,0,0,0,0,0,
Mark Haslam ,0,0,0,0,0,0,0,0,0,0,0,0,0,0,0,0,0,0,0,0,0,0,9,0,0,0,0,0,0,0,0,0,0,0,0,0,0,0,0,0,0,0,0,0,0,0,0,0,0,0,
Brian Hastings ,0,0,0,4,38,151,0,0,0,0,0,0,0,0,0,0,0,0,0,0,0,0,0,0,0,0,0,0,0,0,0,0,0,0,0,0,0,0,0,0,0,0,0,0,0,0,0,0,0,0,
Chandika Hathurusingha ,0,0,0,0,0,0,0,0,0,0,0,0,0,0,0,0,0,0,0,0,0,0,189,589,0,56,59,0,21,21,0,0,0,0,0,0,0,0,0,0,0,0,0,0,0,0,0,0,0,0,
Frank Hayes ,0,0,0,38,0,90,0,0,0,0,0,0,0,0,0,0,0,0,0,0,0,0,0,0,0,0,0,0,0,0,0,0,0,0,0,0,0,0,0,0,0,0,0,0,0,0,0,0,0,0,
Desmond Haynes ,0,0,0,0,0,0,0,0,148,446,617,911,1042,1562,2375,3607,4023,4585,5331,6338,6621,7061,7706,8380,8648,0,0,0,0,0,0,0,0,0,0,0,0,0,0,0,0,0,0,0,0,0,0,0,0,0,
Ronald Headley ,0,0,0,19,0,0,0,0,0,0,0,0,0,0,0,0,0,0,0,0,0,0,0,0,0,0,0,0,0,0,0,0,0,0,0,0,0,0,0,0,0,0,0,0,0,0,0,0,0,0,
Ian Healy ,0,0,0,0,0,0,0,0,0,0,0,0,0,0,0,0,0,0,27,116,356,487,627,850,1140,1375,1617,1764,0,0,0,0,0,0,0,0,0,0,0,0,0,0,0,0,0,0,0,0,0,0,
Edward Hemmings ,0,0,0,0,0,0,0,0,0,0,0,0,1,4,0,0,0,4,0,1,21,22,0,0,0,0,0,0,0,0,0,0,0,0,0,0,0,0,0,0,0,0,0,0,0,0,0,0,0,0,
Michael Hendrick ,0,0,0,1,0,1,2,0,2,3,0,0,0,0,0,0,0,0,0,0,0,0,0,0,0,0,0,0,0,0,0,0,0,0,0,0,0,0,0,0,0,0,0,0,0,0,0,0,0,0,
Omar Henry ,0,0,0,0,0,0,0,0,0,0,0,0,0,0,0,0,0,0,0,0,0,0,20,0,0,0,0,0,0,0,0,0,0,0,0,0,0,0,0,0,0,0,0,0,0,0,0,0,0,0,
Graeme Hick ,0,0,0,0,0,0,0,0,0,0,0,0,0,0,0,0,0,0,0,0,0,129,628,1038,1374,1571,2105,2214,2477,3271,3787,3846,0,0,0,0,0,0,0,0,0,0,0,0,0,0,0,0,0,0,
Andrew Hilditch ,0,0,0,0,0,0,0,0,0,153,0,0,0,0,0,73,0,0,0,0,0,0,0,0,0,0,0,0,0,0,0,0,0,0,0,0,0,0,0,0,0,0,0,0,0,0,0,0,0,0,
Narendra Hirwani ,0,0,0,0,0,0,0,0,0,0,0,0,0,0,0,0,0,0,3,3,4,0,4,0,0,0,0,0,0,0,0,0,0,0,0,0,0,0,0,0,0,0,0,0,0,0,0,0,0,0,
Thomas Hogan ,0,0,0,0,0,0,0,0,0,0,0,0,0,55,72,0,0,0,0,0,0,0,0,0,0,0,0,0,0,0,0,0,0,0,0,0,0,0,0,0,0,0,0,0,0,0,0,0,0,0,
Rodney Hogg ,0,0,0,0,0,0,0,0,0,8,0,3,0,42,89,126,0,0,0,0,0,0,0,0,0,0,0,0,0,0,0,0,0,0,0,0,0,0,0,0,0,0,0,0,0,0,0,0,0,0,
Vanburn Holder ,0,0,0,10,0,22,24,0,30,0,0,0,0,0,0,0,0,0,0,0,0,0,0,0,0,0,0,0,0,0,0,0,0,0,0,0,0,0,0,0,0,0,0,0,0,0,0,0,0,0,
Michael Holding ,0,0,0,0,0,0,19,0,0,2,15,26,47,85,179,198,203,263,0,0,0,0,0,0,0,0,0,0,0,0,0,0,0,0,0,0,0,0,0,0,0,0,0,0,0,0,0,0,0,0,
David Hookes ,0,0,0,0,0,0,0,14,0,9,0,0,18,659,798,0,5,0,0,0,0,0,0,0,0,0,0,0,0,0,0,0,0,0,0,0,0,0,0,0,0,0,0,0,0,0,0,0,0,0,
Carl Hooper ,0,0,0,0,0,0,0,0,0,0,0,0,0,0,0,0,0,159,648,758,916,1295,1588,2177,2690,3104,3328,3963,4244,4612,0,534,1050,1149,0,0,0,0,0,0,0,0,0,0,0,0,0,0,0,0,
Philip Horne ,0,0,0,0,0,0,0,0,0,0,0,0,0,0,0,0,0,50,0,0,0,0,0,0,0,0,0,0,0,0,0,0,0,0,0,0,0,0,0,0,0,0,0,0,0,0,0,0,0,0,
David Houghton ,0,0,0,0,0,0,0,0,0,0,0,0,0,176,0,0,0,226,0,0,0,0,238,607,704,877,910,1128,0,0,0,0,0,0,0,0,0,0,0,0,0,0,0,0,0,0,0,0,0,0,
Geoff Howarth ,0,0,0,0,0,93,136,0,54,124,251,462,515,943,1099,1248,0,0,0,0,0,0,0,0,0,0,0,0,0,0,0,0,0,0,0,0,0,0,0,0,0,0,0,0,0,0,0,0,0,0,
Hedley Howarth ,0,0,0,6,0,12,0,0,0,0,0,0,0,0,0,0,0,0,0,0,0,0,0,0,0,0,0,0,0,0,0,0,0,0,0,0,0,0,0,0,0,0,0,0,0,0,0,0,0,0,
Andrew Hudson ,0,0,0,0,0,0,0,0,0,0,0,0,0,0,0,0,0,0,0,0,0,0,660,962,1442,1512,2462,2559,0,0,0,0,0,0,0,0,0,0,0,0,0,0,0,0,0,0,0,0,0,0,
Kim Hughes ,0,0,0,0,0,0,0,5,0,222,524,864,1100,1415,1937,1963,0,0,0,0,0,0,0,0,0,0,0,0,0,0,0,0,0,0,0,0,0,0,0,0,0,0,0,0,0,0,0,0,0,0,
Merv Hughes ,0,0,0,0,0,0,0,0,0,0,0,0,0,0,0,0,0,0,4,37,56,0,0,44,0,0,0,0,0,0,0,0,0,0,0,0,0,0,0,0,0,0,0,0,0,0,0,0,0,0,
Alan Hurst ,0,0,0,0,0,1,0,0,0,6,0,0,0,0,0,0,0,0,0,0,0,0,0,0,0,0,0,0,0,0,0,0,0,0,0,0,0,0,0,0,0,0,0,0,0,0,0,0,0,0,
Nasser Hussain ,0,0,0,0,0,0,0,0,0,0,0,0,0,0,0,0,0,0,0,2,17,0,0,0,26,0,49,112,213,700,1163,1361,2162,2289,0,0,0,0,0,0,0,0,0,0,0,0,0,0,0,0,
Alan Igglesden ,0,0,0,0,0,0,0,0,0,0,0,0,0,0,0,0,0,0,0,0,0,0,0,0,20,0,0,0,0,0,0,0,0,0,0,0,0,0,0,0,0,0,0,0,0,0,0,0,0,0,
Ray Illingworth ,0,1,0,4,0,0,0,0,0,0,0,0,0,0,0,0,0,0,0,0,0,0,0,0,0,0,0,0,0,0,0,0,0,0,0,0,0,0,0,0,0,0,0,0,0,0,0,0,0,0,
Richard Illingworth ,0,0,0,0,0,0,0,0,0,0,0,0,0,0,0,0,0,0,0,0,0,9,40,61,0,0,7,0,0,0,0,0,0,0,0,0,0,0,0,0,0,0,0,0,0,0,0,0,0,0,
Asif Iqbal ,0,0,0,3,27,80,0,59,121,250,0,0,0,0,0,0,0,0,0,0,0,0,0,0,0,0,0,0,0,0,0,0,0,0,0,0,0,0,0,0,0,0,0,0,0,0,0,0,0,0,
Robin Jackman ,0,0,0,0,0,0,14,0,0,0,6,22,0,18,0,0,0,0,0,0,0,0,0,0,0,0,0,0,0,0,0,0,0,0,0,0,0,0,0,0,0,0,0,0,0,0,0,0,0,0,
Ajay Jadeja ,0,0,0,0,0,0,0,0,0,0,0,0,0,0,0,0,0,0,0,0,0,0,205,280,1000,1170,1959,2896,3900,5044,5359,0,0,0,0,0,0,0,0,0,0,0,0,0,0,0,0,0,0,0,
Salim Jaffer ,0,0,0,0,0,0,0,0,0,0,0,0,0,0,0,0,2,19,23,36,0,0,0,0,0,0,0,0,0,0,0,0,0,0,0,0,0,0,0,0,0,0,0,0,0,0,0,0,0,0,
Jalaluddin ,0,0,0,0,0,0,0,0,0,0,0,0,0,5,0,0,0,0,0,0,0,0,0,0,0,0,0,0,0,0,0,0,0,0,0,0,0,0,0,0,0,0,0,0,0,0,0,0,0,0,
John Jameson ,0,0,0,28,0,32,0,0,0,0,0,0,0,0,0,0,0,0,0,0,0,0,0,0,0,0,0,0,0,0,0,0,0,0,0,0,0,0,0,0,0,0,0,0,0,0,0,0,0,0,
Malcolm Jarvis ,0,0,0,0,0,0,0,0,0,0,0,0,0,0,0,0,0,9,0,0,0,0,28,0,0,0,0,0,0,0,0,0,0,0,0,0,0,0,0,0,0,0,0,0,0,0,0,0,0,0,
Paul Jarvis ,0,0,0,0,0,0,0,0,0,0,0,0,0,0,0,0,0,0,5,0,0,0,0,26,0,0,0,0,0,0,0,0,0,0,0,0,0,0,0,0,0,0,0,0,0,0,0,0,0,0,
Aaqib Javed ,0,0,0,0,0,0,0,0,0,0,0,0,0,0,0,0,0,0,0,2,3,10,34,51,69,144,237,265,267,0,0,0,0,0,0,0,0,0,0,0,0,0,0,0,0,0,0,0,0,0,
Rohan Jayasekera ,0,0,0,0,0,0,0,0,0,0,0,0,17,0,0,0,0,0,0,0,0,0,0,0,0,0,0,0,0,0,0,0,0,0,0,0,0,0,0,0,0,0,0,0,0,0,0,0,0,0,
Sanath Jayasuriya ,0,0,0,0,0,0,0,0,0,0,0,0,0,0,0,0,0,0,0,40,99,109,252,599,1161,1655,2610,3788,4449,5123,6033,7235,8312,9172,9896,10219,11372,12207,12785,13428,0,2,0,0,0,0,0,0,0,0,
Sridharan Jeganathan ,0,0,0,0,0,0,0,0,0,0,0,0,0,0,0,0,0,24,25,0,0,0,0,0,0,0,0,0,0,0,0,0,0,0,0,0,0,0,0,0,0,0,0,0,0,0,0,0,0,0,
Terrence Jenner ,0,0,0,0,0,12,0,0,0,0,0,0,0,0,0,0,0,0,0,0,0,0,0,0,0,0,0,0,0,0,0,0,0,0,0,0,0,0,0,0,0,0,0,0,0,0,0,0,0,0,
Vinothen John ,0,0,0,0,0,0,0,0,0,0,0,0,0,35,44,73,0,11,0,0,0,0,0,0,0,0,0,0,0,0,0,0,0,0,0,0,0,0,0,0,0,0,0,0,0,0,0,0,0,0,
Andrew Jones ,0,0,0,0,0,0,0,0,0,0,0,0,0,0,0,0,0,94,900,1229,1647,2014,2544,2639,2739,2784,0,0,0,0,0,0,0,0,0,0,0,0,0,0,0,0,0,0,0,0,0,0,0,0,
Dean Jones ,0,0,0,0,0,0,0,0,0,0,0,0,0,0,141,481,801,1738,2328,3044,4218,4690,5312,5599,6068,0,0,0,0,0,0,0,0,0,0,0,0,0,0,0,0,0,0,0,0,0,0,0,0,0,
Bernard Julien ,0,0,0,0,0,57,66,86,0,0,0,0,0,0,0,0,0,0,0,0,0,0,0,0,0,0,0,0,0,0,0,0,0,0,0,0,0,0,0,0,0,0,0,0,0,0,0,0,0,0,
Brendon Julian ,0,0,0,0,0,0,0,0,0,0,0,0,0,0,0,0,0,0,0,0,0,0,0,0,0,11,0,0,29,213,0,0,0,0,0,0,0,0,0,0,0,0,0,0,0,0,0,0,0,0,
Alvin Kallicharran ,0,0,0,79,0,234,0,24,65,247,511,513,0,0,0,0,0,0,0,0,0,0,0,0,0,0,0,0,0,0,0,0,0,0,0,0,0,0,0,0,0,0,0,0,0,0,0,0,0,0,
Lalith Kaluperuma ,0,0,0,0,0,19,0,0,0,0,0,0,14,0,0,0,0,0,0,0,0,0,0,0,0,0,0,0,0,0,0,0,0,0,0,0,0,0,0,0,0,0,0,0,0,0,0,0,0,0,
Sanath Kaluperuma ,0,0,0,0,0,0,0,0,0,0,0,0,0,0,0,0,0,0,11,0,0,0,0,0,0,0,0,0,0,0,0,0,0,0,0,0,0,0,0,0,0,0,0,0,0,0,0,0,0,0,
Romesh Kaluwitharana ,0,0,0,0,0,0,0,0,0,0,0,0,0,0,0,0,0,0,0,0,0,14,15,140,144,293,978,1143,1622,2504,2766,3349,3504,3709,3711,0,0,0,0,0,0,0,0,0,0,0,0,0,0,0,
Mohsin Kamal ,0,0,0,0,0,0,0,0,0,0,0,0,0,0,5,10,0,16,0,1,0,0,0,0,0,0,0,0,0,0,0,0,0,0,0,0,0,0,0,0,0,0,0,0,0,0,0,0,0,0,
Vinod Kambli ,0,0,0,0,0,0,0,0,0,0,0,0,0,0,0,0,0,0,0,0,0,93,122,806,1522,1741,2003,2136,2225,2305,2477,0,0,0,0,0,0,0,0,0,0,0,0,0,0,0,0,0,0,0,
Rohan Kanhai ,0,0,0,55,0,109,0,0,0,0,0,0,0,0,0,0,0,0,0,0,0,0,0,0,0,0,0,0,0,0,0,0,0,0,0,0,0,0,0,0,0,0,0,0,0,0,0,